,AGE,GENDER
0,68,FEMALE
3,56,MALE
4,51,MALE
6,58,MALE
7,50,FEMALE
8,50,MALE
15,68,FEMALE
16,66,MALE
21,51,FEMALE
22,68,FEMALE
23,56,FEMALE
24,55,MALE
27,66,MALE
30,58,MALE
40,65,MALE
43,52,FEMALE
46,50,MALE
48,60,MALE
49,55,FEMALE
50,63,MALE
54,59,FEMALE
60,56,FEMALE
61,58,FEMALE
62,51,MALE
67,56,MALE
70,60,FEMALE
72,50,FEMALE
77,52,MALE
81,60,MALE
85,61,MALE
89,55,MALE
91,54,FEMALE
93,65,MALE
94,62,MALE
97,60,FEMALE
98,61,MALE
99,50,MALE
105,61,FEMALE
107,52,MALE
108,74,FEMALE
110,76,MALE
113,51,MALE
114,54,FEMALE
122,68,MALE
124,63,MALE
125,55,FEMALE
127,60,MALE
129,59,MALE
130,54,FEMALE
131,66,MALE
133,63,FEMALE
139,52,MALE
146,57,FEMALE
154,59,MALE
155,57,MALE
159,61,MALE
162,50,FEMALE
167,56,MALE
169,61,FEMALE
172,50,MALE
173,56,MALE
174,56,FEMALE
179,57,FEMALE
180,63,MALE
183,77,FEMALE
184,58,MALE
185,57,MALE
186,62,MALE
187,58,MALE
190,63,MALE
191,64,MALE
193,63,MALE
194,55,MALE
196,62,MALE
197,53,MALE
198,51,FEMALE
203,51,MALE
205,51,MALE
206,60,MALE
207,58,FEMALE
210,65,MALE
211,59,FEMALE
213,54,FEMALE
220,70,FEMALE
221,66,MALE
222,50,MALE
223,55,FEMALE
224,72,FEMALE
225,52,FEMALE
228,62,MALE
232,58,MALE
233,55,FEMALE
241,56,MALE
243,73,MALE
245,62,FEMALE
247,64,MALE
248,63,MALE
249,56,FEMALE
251,75,FEMALE
254,56,MALE
257,57,FEMALE
264,58,FEMALE
267,59,FEMALE
268,52,MALE
272,68,MALE
274,54,MALE
279,54,FEMALE
287,59,MALE
288,61,FEMALE
289,53,MALE
296,66,FEMALE
298,61,MALE
305,61,MALE
306,56,FEMALE
307,54,MALE
312,58,MALE
314,56,MALE
315,50,FEMALE
318,55,MALE
320,65,MALE
321,50,MALE
323,55,MALE
324,60,MALE
325,52,FEMALE
326,50,MALE
328,65,MALE
331,58,MALE
332,50,MALE
334,55,FEMALE
339,55,MALE
341,51,MALE
343,65,MALE
344,66,MALE
350,56,MALE
353,61,MALE
354,59,MALE
355,69,MALE
356,56,MALE
357,56,MALE
358,54,MALE
359,58,MALE
364,61,MALE
366,54,MALE
371,61,FEMALE
373,57,MALE
377,57,MALE
379,65,MALE
380,65,FEMALE
381,63,MALE
382,57,MALE
383,53,MALE
384,51,FEMALE
386,56,MALE
387,55,MALE
390,52,FEMALE
391,50,MALE
392,60,MALE
393,54,MALE
394,56,FEMALE
395,53,MALE
396,56,MALE
397,63,MALE
399,60,MALE
400,51,FEMALE
401,62,MALE
402,55,MALE
405,58,MALE
406,51,MALE
407,51,FEMALE
408,60,MALE
411,61,FEMALE
414,54,MALE
415,62,FEMALE
416,58,MALE
417,59,MALE
418,54,MALE
419,53,FEMALE
420,62,MALE
421,58,FEMALE
424,68,FEMALE
425,65,MALE
428,67,MALE
429,65,MALE
430,53,FEMALE
436,57,MALE
437,60,MALE
438,52,MALE
441,58,MALE
444,58,FEMALE
447,54,MALE
448,62,FEMALE
450,71,MALE
453,64,MALE
454,54,MALE
456,63,MALE
457,58,MALE
459,62,MALE
460,54,FEMALE
461,51,MALE
464,55,FEMALE
465,51,FEMALE
468,53,MALE
470,50,MALE
472,53,MALE
475,50,MALE
477,67,MALE
482,57,MALE
486,62,MALE
488,55,FEMALE
489,60,MALE
490,59,FEMALE
493,57,MALE
495,59,FEMALE
497,51,MALE
500,56,MALE
501,62,MALE
507,65,MALE
510,53,MALE
513,63,FEMALE
515,61,MALE
519,52,MALE
521,60,MALE
526,50,MALE
529,51,MALE
530,72,MALE
532,57,MALE
535,63,MALE
538,51,FEMALE
539,56,FEMALE
540,50,MALE
541,57,FEMALE
545,56,MALE
553,55,FEMALE
556,54,MALE
558,50,FEMALE
563,55,MALE
564,51,MALE
565,53,MALE
567,59,MALE
568,59,MALE
570,59,FEMALE
572,60,MALE
575,57,MALE
577,63,MALE
579,75,MALE
580,55,MALE
581,61,MALE
583,64,FEMALE
584,64,MALE
585,54,MALE
587,54,MALE
588,62,MALE
589,61,MALE
590,60,MALE
591,53,MALE
595,58,FEMALE
598,63,MALE
599,68,FEMALE
600,51,FEMALE
602,59,MALE
603,57,FEMALE
604,56,MALE
605,52,MALE
608,60,MALE
609,73,FEMALE
610,67,MALE
611,59,MALE
614,55,MALE
617,61,MALE
622,58,MALE
623,62,MALE
624,60,MALE
628,61,FEMALE
629,54,MALE
630,61,MALE
631,61,MALE
632,56,FEMALE
634,62,FEMALE
635,61,FEMALE
639,69,MALE
641,51,FEMALE
644,61,MALE
645,72,MALE
648,59,MALE
649,65,MALE
650,50,MALE
651,54,FEMALE
652,58,MALE
653,58,FEMALE
657,51,MALE
658,61,MALE
659,54,MALE
660,58,MALE
662,62,FEMALE
664,66,FEMALE
669,64,FEMALE
670,60,MALE
671,59,MALE
674,57,MALE
677,56,MALE
678,53,MALE
679,63,MALE
680,62,MALE
681,57,MALE
683,54,MALE
685,59,MALE
686,59,FEMALE
690,75,FEMALE
691,56,FEMALE
695,55,FEMALE
696,59,MALE
700,61,MALE
704,56,FEMALE
705,56,MALE
708,50,FEMALE
710,69,MALE
714,50,MALE
717,64,FEMALE
718,54,FEMALE
722,67,MALE
724,59,MALE
728,60,MALE
729,76,FEMALE
730,53,MALE
732,65,MALE
735,57,FEMALE
736,67,FEMALE
740,62,MALE
744,69,MALE
745,58,MALE
749,60,FEMALE
750,67,MALE
751,64,MALE
752,54,FEMALE
760,51,FEMALE
762,57,MALE
766,56,MALE
767,60,MALE
768,53,MALE
772,56,MALE
773,56,FEMALE
775,51,FEMALE
776,72,MALE
778,50,MALE
790,56,MALE
791,50,FEMALE
793,57,MALE
794,60,FEMALE
796,61,MALE
799,62,MALE
801,59,FEMALE
807,63,MALE
808,51,FEMALE
809,51,MALE
810,84,MALE
819,50,MALE
820,60,FEMALE
823,63,MALE
824,51,MALE
825,75,MALE
828,62,MALE
829,55,FEMALE
830,68,MALE
832,53,FEMALE
837,61,MALE
842,56,MALE
856,57,MALE
857,53,MALE
864,50,MALE
867,51,FEMALE
869,68,FEMALE
870,63,FEMALE
871,62,MALE
872,59,MALE
887,55,MALE
888,62,FEMALE
889,58,FEMALE
890,58,FEMALE
901,64,MALE
902,54,MALE
905,58,MALE
908,55,MALE
909,57,FEMALE
918,74,MALE
922,68,MALE
925,64,MALE
928,57,FEMALE
930,55,MALE
931,50,MALE
941,70,FEMALE
943,66,MALE
949,64,FEMALE
950,50,MALE
951,59,MALE
952,58,MALE
963,71,MALE
964,56,MALE
970,68,MALE
971,63,MALE
972,57,MALE
974,51,MALE
978,69,MALE
980,62,FEMALE
984,50,FEMALE
985,72,MALE
986,65,FEMALE
987,57,FEMALE
988,58,FEMALE
990,53,MALE
992,52,MALE
993,51,FEMALE
994,53,FEMALE
995,50,MALE
996,51,MALE
1004,59,MALE
1005,64,MALE
1006,65,FEMALE
1007,63,FEMALE
1009,54,FEMALE
1010,58,FEMALE
1011,57,FEMALE
1012,52,MALE
1013,51,MALE
1023,69,MALE
1024,66,MALE
1025,59,MALE
1027,51,FEMALE
1033,60,FEMALE
1034,62,MALE
1035,59,MALE
1036,54,MALE
1037,58,MALE
1045,68,FEMALE
1046,63,MALE
1047,60,FEMALE
1048,56,FEMALE
1049,60,MALE
1050,55,FEMALE
1051,58,FEMALE
1052,58,FEMALE
1053,51,FEMALE
1055,58,FEMALE
1059,55,FEMALE
1067,55,FEMALE
1071,66,MALE
1072,67,MALE
1073,56,FEMALE
1075,51,MALE
1079,53,MALE
1086,53,MALE
1088,60,FEMALE
1092,60,FEMALE
1093,60,MALE
1094,50,FEMALE
1095,57,MALE
1097,56,FEMALE
1098,59,FEMALE
1099,54,FEMALE
1112,62,FEMALE
1113,59,MALE
1115,53,MALE
1116,57,FEMALE
1117,52,MALE
1118,54,FEMALE
1122,50,MALE
1127,62,MALE
1128,71,FEMALE
1129,53,FEMALE
1130,60,MALE
1131,55,MALE
1133,57,FEMALE
1136,57,FEMALE
1137,55,MALE
1139,56,MALE
1144,51,MALE
1147,60,FEMALE
1148,65,FEMALE
1151,53,MALE
1152,53,FEMALE
1156,59,MALE
1158,53,MALE
1159,54,FEMALE
1162,56,MALE
1163,62,FEMALE
1165,56,MALE
1167,55,MALE
1168,56,FEMALE
1169,53,MALE
1170,50,MALE
1171,71,FEMALE
1176,67,MALE
1177,62,MALE
1180,50,FEMALE
1183,68,MALE
1184,58,MALE
1185,57,MALE
1189,52,FEMALE
1190,51,FEMALE
1191,59,FEMALE
1194,56,MALE
1195,65,FEMALE
1199,84,FEMALE
1201,56,MALE
1202,54,FEMALE
1204,52,MALE
1205,65,MALE
1206,65,FEMALE
1208,57,MALE
1214,57,MALE
1215,57,FEMALE
1216,50,MALE
1218,64,FEMALE
1219,60,MALE
1220,50,FEMALE
1221,52,MALE
1222,51,FEMALE
1224,64,MALE
1225,63,FEMALE
1226,61,MALE
1227,54,MALE
1228,56,FEMALE
1229,57,MALE
1230,60,FEMALE
1231,58,MALE
1233,59,MALE
1234,62,FEMALE
1235,56,MALE
1236,55,MALE
1237,52,MALE
1241,54,MALE
1242,52,MALE
1244,52,MALE
1247,57,MALE
1249,57,FEMALE
1251,50,MALE
1254,57,MALE
1255,60,MALE
1256,55,MALE
1257,54,FEMALE
1260,62,MALE
1261,55,MALE
1265,55,MALE
1268,54,MALE
1272,66,MALE
1273,54,MALE
1274,61,MALE
1284,57,MALE
1285,57,MALE
1289,51,FEMALE
1292,62,MALE
1293,57,FEMALE
1295,54,FEMALE
1299,52,MALE
1300,66,FEMALE
1301,55,MALE
1303,55,MALE
1306,54,FEMALE
1315,50,FEMALE
1317,68,MALE
1321,65,MALE
1322,63,FEMALE
1323,57,MALE
1325,56,MALE
1326,51,MALE
1329,64,MALE
1330,62,MALE
1331,64,FEMALE
1335,77,FEMALE
1336,62,MALE
1340,62,MALE
1341,51,MALE
1344,57,MALE
1346,50,FEMALE
1348,60,FEMALE
1349,61,MALE
1350,57,MALE
1352,50,MALE
1355,56,FEMALE
1356,56,FEMALE
1357,56,MALE
1358,59,MALE
1359,53,FEMALE
1370,58,MALE
1374,61,FEMALE
1375,60,FEMALE
1377,50,MALE
1384,61,MALE
1385,58,FEMALE
1386,54,MALE
1387,63,FEMALE
1389,57,FEMALE
1395,77,MALE
1396,71,MALE
1397,63,MALE
1398,51,MALE
1399,51,MALE
1400,57,MALE
1402,53,MALE
1407,51,MALE
1408,65,MALE
1409,57,MALE
1410,54,FEMALE
1411,53,FEMALE
1420,60,FEMALE
1421,61,FEMALE
1422,50,MALE
1424,57,FEMALE
1425,54,MALE
1426,58,MALE
1427,59,FEMALE
1428,58,MALE
1429,55,MALE
1431,51,MALE
1438,65,MALE
1442,56,MALE
1443,55,MALE
1444,62,FEMALE
1445,50,MALE
1447,72,MALE
1448,64,MALE
1449,54,MALE
1451,54,FEMALE
1452,58,MALE
1453,58,FEMALE
1455,57,MALE
1456,61,MALE
1463,58,MALE
1470,71,MALE
1471,66,MALE
1472,64,MALE
1473,65,MALE
1474,67,MALE
1475,65,MALE
1476,58,MALE
1477,53,MALE
1479,58,FEMALE
1481,58,MALE
1483,54,MALE
1484,58,FEMALE
1485,57,MALE
1486,58,MALE
1487,51,FEMALE
1488,50,FEMALE
1489,56,FEMALE
1496,51,MALE
1503,77,MALE
1504,58,MALE
1505,61,MALE
1506,59,FEMALE
1507,61,MALE
1508,59,MALE
1509,56,FEMALE
1510,60,FEMALE
1512,58,FEMALE
1513,59,FEMALE
1514,52,MALE
1515,59,MALE
1516,50,MALE
1525,57,FEMALE
1531,51,MALE
1550,78,FEMALE
1551,70,MALE
1552,72,MALE
1553,55,FEMALE
1554,69,MALE
1555,56,MALE
1556,64,MALE
1557,63,MALE
1558,52,MALE
1559,50,FEMALE
1561,54,FEMALE
1562,56,MALE
1564,50,MALE
1566,55,MALE
1570,53,FEMALE
1572,53,MALE
1573,53,MALE
1591,74,MALE
1592,67,MALE
1593,64,FEMALE
1594,66,FEMALE
1595,66,MALE
1596,61,MALE
1597,66,MALE
1598,63,MALE
1599,68,MALE
1600,62,MALE
1601,53,MALE
1602,62,MALE
1603,63,FEMALE
1604,57,FEMALE
1605,61,FEMALE
1606,60,FEMALE
1607,59,FEMALE
1609,58,MALE
1610,57,MALE
1611,54,MALE
1612,57,MALE
1614,52,MALE
1630,55,MALE
1634,64,MALE
1635,67,FEMALE
1636,61,MALE
1637,60,FEMALE
1638,60,MALE
1639,61,FEMALE
1640,50,MALE
1641,51,FEMALE
1642,60,MALE
1644,58,FEMALE
1646,57,MALE
1647,50,FEMALE
1659,61,MALE
1665,72,FEMALE
1666,69,FEMALE
1668,59,FEMALE
1669,57,MALE
1672,56,MALE
1674,61,MALE
1675,50,FEMALE
1676,53,FEMALE
1692,68,FEMALE
1693,63,MALE
1694,54,FEMALE
1695,58,FEMALE
1696,64,MALE
1697,60,FEMALE
1698,55,FEMALE
1699,60,FEMALE
1700,58,FEMALE
1701,61,FEMALE
1702,60,MALE
1703,59,MALE
1705,59,MALE
1706,61,FEMALE
1708,58,FEMALE
1710,56,MALE
1713,52,FEMALE
1717,71,MALE
1718,54,FEMALE
1719,53,FEMALE
1721,52,MALE
1732,73,FEMALE
1733,71,MALE
1734,67,MALE
1735,66,MALE
1737,52,MALE
1738,58,MALE
1739,56,MALE
1741,52,MALE
1742,58,FEMALE
1743,55,MALE
1744,51,MALE
1745,57,FEMALE
1746,52,FEMALE
1749,53,FEMALE
1751,52,FEMALE
1771,80,FEMALE
1772,64,FEMALE
1773,64,MALE
1775,62,MALE
1778,59,MALE
1780,59,MALE
1781,59,MALE
1782,57,MALE
1786,52,MALE
1787,54,FEMALE
1788,52,FEMALE
1792,51,FEMALE
1794,50,FEMALE
1806,50,MALE
1810,61,MALE
1811,69,MALE
1812,67,FEMALE
1813,63,FEMALE
1815,64,MALE
1816,62,MALE
1817,61,FEMALE
1818,53,FEMALE
1819,52,FEMALE
1820,55,MALE
1825,53,MALE
1826,54,MALE
1828,53,MALE
1829,53,MALE
1831,51,FEMALE
1836,64,MALE
1839,74,FEMALE
1840,59,MALE
1841,58,FEMALE
1842,60,MALE
1843,58,MALE
1846,56,MALE
1847,52,FEMALE
1851,51,MALE
1867,79,MALE
1868,75,MALE
1869,69,FEMALE
1870,57,MALE
1871,65,FEMALE
1872,61,MALE
1873,63,MALE
1874,63,MALE
1875,63,FEMALE
1876,63,FEMALE
1878,60,MALE
1879,58,FEMALE
1880,58,MALE
1881,61,MALE
1882,58,MALE
1883,60,FEMALE
1884,62,MALE
1885,60,MALE
1888,58,FEMALE
1891,55,MALE
1893,50,FEMALE
1894,55,MALE
1896,55,MALE
1897,52,FEMALE
1898,50,MALE
1908,68,MALE
1909,72,FEMALE
1910,67,MALE
1911,68,MALE
1912,63,MALE
1913,66,FEMALE
1914,60,FEMALE
1915,58,FEMALE
1916,57,MALE
1917,58,MALE
1918,50,MALE
1919,59,FEMALE
1921,59,MALE
1922,54,FEMALE
1925,50,MALE
1926,56,FEMALE
1927,54,MALE
1928,53,MALE
1929,53,MALE
1943,52,MALE
1957,77,MALE
1958,75,MALE
1959,63,FEMALE
1960,61,FEMALE
1961,62,FEMALE
1962,64,FEMALE
1963,57,MALE
1964,61,FEMALE
1965,62,MALE
1966,61,FEMALE
1967,53,MALE
1968,55,FEMALE
1969,54,MALE
1970,61,FEMALE
1971,55,MALE
1972,57,FEMALE
1973,59,FEMALE
1974,61,FEMALE
1975,59,FEMALE
1976,59,MALE
1977,58,FEMALE
1980,54,MALE
1982,56,MALE
1983,57,MALE
1984,53,MALE
1986,53,MALE
1991,51,FEMALE
1998,65,FEMALE
1999,66,MALE
2001,62,MALE
2004,50,MALE
2005,62,FEMALE
2007,58,MALE
2008,55,MALE
2009,60,FEMALE
2010,57,FEMALE
2011,55,FEMALE
2027,68,MALE
2029,53,FEMALE
2033,63,MALE
2034,55,MALE
2035,54,FEMALE
2036,62,MALE
2037,62,FEMALE
2042,51,MALE
2043,60,MALE
2046,72,MALE
2047,67,FEMALE
2049,63,MALE
2050,58,FEMALE
2052,50,FEMALE
2054,59,MALE
2055,54,MALE
2067,55,MALE
2068,62,MALE
2069,53,MALE
2070,60,FEMALE
2071,51,MALE
2072,59,FEMALE
2074,57,MALE
2076,56,MALE
2077,59,MALE
2078,54,MALE
2091,79,MALE
2092,66,FEMALE
2093,61,MALE
2094,65,MALE
2095,66,MALE
2096,52,MALE
2097,52,MALE
2098,60,MALE
2099,55,FEMALE
2100,58,FEMALE
2101,58,MALE
2102,58,MALE
2103,60,FEMALE
2104,51,FEMALE
2105,56,FEMALE
2107,56,MALE
2108,58,FEMALE
2109,56,FEMALE
2115,55,MALE
2124,72,MALE
2125,62,MALE
2126,60,MALE
2127,63,FEMALE
2128,56,MALE
2129,56,MALE
2130,55,MALE
2133,56,MALE
2141,60,MALE
2148,60,FEMALE
2149,53,FEMALE
2150,50,MALE
2152,56,MALE
2155,55,MALE
2216,53,FEMALE
2242,60,FEMALE
2278,57,FEMALE
2351,62,MALE
2353,57,MALE
2358,60,FEMALE
2362,53,MALE
2363,57,MALE
2364,51,MALE
2367,83,FEMALE
2368,79,FEMALE
2369,79,MALE
2370,74,FEMALE
2371,79,MALE
2372,74,FEMALE
2373,75,FEMALE
2374,71,MALE
2375,72,FEMALE
2376,71,FEMALE
2377,72,FEMALE
2378,60,MALE
2379,61,MALE
2380,69,MALE
2381,68,MALE
2382,64,FEMALE
2383,70,FEMALE
2384,58,MALE
2385,62,FEMALE
2386,63,FEMALE
2387,56,MALE
2388,62,MALE
2389,68,MALE
2390,61,MALE
2391,62,MALE
2392,68,FEMALE
2393,58,FEMALE
2394,69,MALE
2395,67,MALE
2396,69,FEMALE
2397,69,MALE
2398,68,MALE
2399,67,MALE
2400,65,MALE
2401,59,FEMALE
2402,69,MALE
2403,67,MALE
2404,66,FEMALE
2405,66,MALE
2406,61,MALE
2407,65,MALE
2408,62,MALE
2409,64,FEMALE
2410,59,MALE
2411,65,FEMALE
2412,58,MALE
2413,60,MALE
2414,62,MALE
2415,66,MALE
2416,63,MALE
2417,65,MALE
2418,63,FEMALE
2419,66,FEMALE
2420,58,FEMALE
2421,64,MALE
2422,51,FEMALE
2423,61,FEMALE
2424,58,MALE
2425,65,FEMALE
2426,65,MALE
2427,62,MALE
2428,63,MALE
2429,53,FEMALE
2430,65,FEMALE
2431,61,MALE
2432,63,MALE
2433,62,MALE
2434,59,FEMALE
2435,63,FEMALE
2436,61,FEMALE
2437,62,FEMALE
2438,63,MALE
2439,63,FEMALE
2440,60,MALE
2441,63,FEMALE
2442,62,FEMALE
2443,64,MALE
2444,63,FEMALE
2445,63,MALE
2446,60,FEMALE
2447,51,FEMALE
2448,54,FEMALE
2449,62,MALE
2450,64,MALE
2451,66,MALE
2452,58,MALE
2453,62,MALE
2454,60,MALE
2455,59,FEMALE
2456,61,MALE
2457,63,FEMALE
2459,63,FEMALE
2460,59,FEMALE
2461,62,FEMALE
2462,62,MALE
2463,60,MALE
2464,61,MALE
2465,57,MALE
2466,63,FEMALE
2467,59,FEMALE
2468,58,MALE
2469,62,MALE
2470,51,MALE
2471,63,FEMALE
2472,61,FEMALE
2473,53,MALE
2474,63,FEMALE
2475,60,FEMALE
2476,61,MALE
2477,62,FEMALE
2478,63,FEMALE
2480,62,MALE
2482,63,FEMALE
2483,61,MALE
2484,62,FEMALE
2485,61,MALE
2487,61,FEMALE
2488,53,MALE
2489,60,FEMALE
2490,57,FEMALE
2491,62,FEMALE
2492,62,MALE
2493,65,FEMALE
2494,57,MALE
2495,56,MALE
2496,54,MALE
2499,58,MALE
2500,58,MALE
2501,52,MALE
2502,53,MALE
2503,57,MALE
2504,60,FEMALE
2505,59,MALE
2506,50,MALE
2507,55,MALE
2508,62,MALE
2509,51,MALE
2510,55,FEMALE
2511,60,MALE
2512,58,FEMALE
2513,62,FEMALE
2514,57,FEMALE
2515,51,MALE
2516,60,MALE
2517,57,MALE
2518,60,MALE
2519,60,MALE
2521,67,FEMALE
2522,56,MALE
2523,60,MALE
2524,54,FEMALE
2525,61,FEMALE
2526,61,FEMALE
2527,57,MALE
2528,55,MALE
2529,58,MALE
2530,57,MALE
2533,56,FEMALE
2534,53,MALE
2535,60,MALE
2536,60,MALE
2537,55,MALE
2538,58,MALE
2539,50,MALE
2540,57,MALE
2541,59,FEMALE
2542,61,FEMALE
2543,58,FEMALE
2544,59,MALE
2545,54,FEMALE
2546,59,MALE
2547,61,FEMALE
2548,52,MALE
2549,55,MALE
2550,58,MALE
2551,59,MALE
2555,59,FEMALE
2556,56,MALE
2557,59,MALE
2558,52,FEMALE
2561,60,FEMALE
2562,59,FEMALE
2563,52,FEMALE
2567,60,MALE
2568,58,MALE
2569,59,MALE
2572,59,MALE
2575,52,MALE
2578,55,FEMALE
2579,54,FEMALE
2581,59,FEMALE
2582,55,MALE
2584,58,FEMALE
2585,60,MALE
2586,54,FEMALE
2587,57,FEMALE
2588,60,MALE
2589,59,FEMALE
2591,53,FEMALE
2593,59,MALE
2594,51,FEMALE
2595,50,MALE
2599,58,MALE
2601,58,MALE
2604,58,MALE
2605,57,MALE
2606,59,FEMALE
2607,52,FEMALE
2609,52,MALE
2610,53,FEMALE
2613,59,FEMALE
2614,56,FEMALE
2616,50,FEMALE
2617,58,FEMALE
2619,58,MALE
2620,50,MALE
2622,58,FEMALE
2623,58,FEMALE
2624,54,MALE
2626,55,MALE
2630,76,FEMALE
2631,55,FEMALE
2636,58,MALE
2638,56,MALE
2640,57,MALE
2641,50,FEMALE
2642,52,MALE
2644,56,MALE
2645,59,FEMALE
2646,55,MALE
2649,55,FEMALE
2654,56,MALE
2655,50,FEMALE
2657,56,MALE
2660,57,MALE
2661,51,MALE
2662,57,MALE
2663,54,MALE
2666,54,FEMALE
2667,55,FEMALE
2668,55,MALE
2671,57,FEMALE
2672,55,FEMALE
2674,58,MALE
2675,52,FEMALE
2676,56,FEMALE
2678,53,FEMALE
2686,55,MALE
2689,55,MALE
2690,52,MALE
2691,55,MALE
2692,51,MALE
2693,60,MALE
2694,56,FEMALE
2695,53,FEMALE
2696,56,MALE
2700,62,FEMALE
2704,54,MALE
2709,54,MALE
2710,52,FEMALE
2711,57,FEMALE
2712,54,FEMALE
2715,53,MALE
2720,54,MALE
2721,54,MALE
2723,50,MALE
2726,54,FEMALE
2739,52,FEMALE
2744,53,MALE
2748,54,MALE
2754,68,FEMALE
2756,52,FEMALE
2757,52,MALE
2758,53,FEMALE
2759,51,FEMALE
2764,50,MALE
2766,51,MALE
2767,50,MALE
2773,52,FEMALE
2776,53,MALE
2777,50,MALE
2779,52,MALE
2785,50,MALE
2790,53,MALE
2794,53,FEMALE
2795,50,FEMALE
2800,52,MALE
2809,50,FEMALE
2821,51,MALE
2822,51,MALE
2828,50,MALE
2830,51,MALE
2837,50,MALE
2853,50,MALE
2945,60,MALE
2983,58,FEMALE
2994,51,MALE
3065,59,MALE
3069,55,MALE
3096,51,MALE
3183,50,FEMALE
3200,52,MALE
3203,56,FEMALE
3211,53,FEMALE
3212,53,MALE
3214,55,MALE
3216,53,FEMALE
3218,81,FEMALE
3219,77,MALE
3220,75,FEMALE
3221,76,FEMALE
3222,72,MALE
3223,75,FEMALE
3224,59,MALE
3225,74,MALE
3226,70,FEMALE
3227,59,FEMALE
3228,68,MALE
3229,71,MALE
3230,66,MALE
3231,57,MALE
3232,68,MALE
3233,71,MALE
3234,67,MALE
3235,63,MALE
3236,58,MALE
3237,59,FEMALE
3238,54,FEMALE
3239,56,FEMALE
3240,55,MALE
3241,55,MALE
3242,69,FEMALE
3243,66,FEMALE
3244,67,MALE
3245,67,MALE
3246,66,MALE
3247,67,MALE
3248,62,FEMALE
3249,66,MALE
3250,66,MALE
3251,60,FEMALE
3252,66,MALE
3253,63,FEMALE
3254,65,MALE
3255,64,MALE
3256,61,MALE
3257,64,MALE
3258,65,MALE
3259,55,MALE
3260,66,FEMALE
3261,61,FEMALE
3262,63,MALE
3263,65,FEMALE
3264,55,MALE
3265,68,FEMALE
3266,61,FEMALE
3267,63,MALE
3268,58,MALE
3269,64,MALE
3270,62,FEMALE
3271,63,MALE
3272,64,MALE
3273,62,MALE
3274,62,FEMALE
3275,64,FEMALE
3276,61,MALE
3277,62,FEMALE
3278,62,MALE
3279,65,FEMALE
3280,65,FEMALE
3281,51,FEMALE
3282,64,MALE
3283,62,MALE
3284,63,FEMALE
3285,60,FEMALE
3286,66,FEMALE
3287,62,FEMALE
3288,61,MALE
3289,61,FEMALE
3290,61,MALE
3291,63,FEMALE
3292,63,MALE
3293,60,MALE
3294,62,MALE
3295,59,MALE
3296,62,FEMALE
3297,61,FEMALE
3298,60,FEMALE
3301,61,FEMALE
3302,50,MALE
3303,59,FEMALE
3304,58,FEMALE
3305,56,FEMALE
3306,58,MALE
3307,62,MALE
3308,55,MALE
3309,54,MALE
3310,51,MALE
3311,60,MALE
3312,60,FEMALE
3313,58,MALE
3314,57,FEMALE
3315,60,FEMALE
3316,59,MALE
3317,61,MALE
3319,58,FEMALE
3321,61,FEMALE
3322,54,FEMALE
3323,52,MALE
3324,55,MALE
3325,55,FEMALE
3326,57,MALE
3327,60,FEMALE
3328,59,MALE
3330,57,MALE
3332,57,MALE
3333,59,FEMALE
3335,62,FEMALE
3337,53,MALE
3340,50,MALE
3341,55,FEMALE
3343,55,FEMALE
3344,60,MALE
3345,60,MALE
3346,62,MALE
3347,58,MALE
3348,60,FEMALE
3349,58,FEMALE
3350,60,MALE
3351,50,MALE
3352,61,FEMALE
3353,60,MALE
3354,57,MALE
3355,58,MALE
3356,52,MALE
3358,60,FEMALE
3359,51,FEMALE
3360,62,FEMALE
3361,61,FEMALE
3362,60,MALE
3364,60,MALE
3365,53,MALE
3366,55,MALE
3367,60,FEMALE
3368,59,MALE
3369,59,MALE
3370,59,MALE
3372,58,MALE
3373,59,MALE
3374,55,MALE
3375,61,MALE
3377,50,FEMALE
3378,61,FEMALE
3379,53,MALE
3380,51,FEMALE
3382,57,MALE
3383,60,FEMALE
3385,53,MALE
3386,62,FEMALE
3387,54,FEMALE
3388,59,FEMALE
3389,59,MALE
3390,57,FEMALE
3391,53,MALE
3392,59,MALE
3393,56,FEMALE
3395,53,FEMALE
3396,58,FEMALE
3397,57,FEMALE
3398,61,MALE
3399,58,MALE
3400,59,MALE
3403,52,MALE
3404,60,MALE
3405,60,MALE
3406,59,MALE
3408,56,FEMALE
3411,59,FEMALE
3413,53,FEMALE
3414,54,MALE
3416,59,FEMALE
3419,50,FEMALE
3420,52,MALE
3423,55,MALE
3425,59,FEMALE
3428,58,MALE
3429,56,MALE
3430,56,FEMALE
3432,56,MALE
3433,59,MALE
3438,52,FEMALE
3440,54,MALE
3447,56,FEMALE
3448,56,MALE
3449,50,MALE
3450,55,MALE
3452,52,FEMALE
3454,56,MALE
3455,52,MALE
3457,59,MALE
3458,56,FEMALE
3459,51,MALE
3460,58,FEMALE
3461,52,FEMALE
3462,55,MALE
3463,57,MALE
3467,50,MALE
3469,57,FEMALE
3470,63,MALE
3474,54,MALE
3475,55,MALE
3476,58,MALE
3478,54,MALE
3479,51,MALE
3481,58,FEMALE
3483,57,MALE
3487,55,MALE
3488,54,MALE
3490,55,MALE
3492,53,MALE
3494,55,MALE
3497,52,MALE
3500,53,MALE
3502,55,MALE
3506,53,MALE
3507,52,FEMALE
3510,56,MALE
3512,56,FEMALE
3516,52,FEMALE
3518,50,MALE
3522,55,FEMALE
3523,55,FEMALE
3524,53,MALE
3533,52,MALE
3535,50,MALE
3536,54,FEMALE
3537,51,FEMALE
3541,56,FEMALE
3546,57,MALE
3548,53,MALE
3552,54,FEMALE
3553,52,MALE
3554,51,FEMALE
3556,54,FEMALE
3557,55,MALE
3559,53,MALE
3564,54,MALE
3567,52,MALE
3568,51,MALE
3569,52,MALE
3570,52,FEMALE
3571,53,MALE
3572,51,FEMALE
3579,52,MALE
3583,52,FEMALE
3585,50,MALE
3586,50,MALE
3591,50,MALE
3600,50,FEMALE
3603,52,MALE
3604,51,FEMALE
3606,54,MALE
3611,55,MALE
3617,53,MALE
3622,53,FEMALE
3627,53,MALE
3628,50,FEMALE
3630,51,MALE
3631,50,MALE
3634,51,MALE
3635,52,MALE
3640,51,FEMALE
3642,53,FEMALE
3655,50,MALE
3669,50,MALE
3671,52,MALE
3680,52,FEMALE
3786,51,MALE
3795,57,FEMALE
3797,62,MALE
3800,54,FEMALE
3855,53,MALE
3861,55,MALE
3903,50,MALE
3940,50,FEMALE
3947,61,MALE
4046,50,MALE
4050,62,FEMALE
4054,56,FEMALE
4062,59,MALE
4066,53,MALE
4067,79,MALE
4068,74,MALE
4069,73,MALE
4070,74,MALE
4071,77,FEMALE
4072,76,FEMALE
4073,77,FEMALE
4074,76,MALE
4075,71,FEMALE
4076,72,MALE
4077,75,MALE
4078,72,MALE
4079,73,FEMALE
4080,58,MALE
4081,62,FEMALE
4082,70,MALE
4083,62,MALE
4084,68,MALE
4085,60,MALE
4086,63,FEMALE
4087,58,FEMALE
4088,72,MALE
4089,71,MALE
4090,71,MALE
4091,70,MALE
4092,70,FEMALE
4093,57,FEMALE
4094,70,MALE
4095,58,FEMALE
4096,70,MALE
4097,70,MALE
4098,62,FEMALE
4099,68,FEMALE
4100,69,MALE
4101,70,MALE
4102,69,FEMALE
4103,68,FEMALE
4104,70,MALE
4105,57,MALE
4106,54,FEMALE
4107,62,MALE
4108,67,FEMALE
4109,67,FEMALE
4110,67,MALE
4111,64,MALE
4112,67,FEMALE
4113,66,MALE
4114,66,MALE
4115,65,MALE
4116,66,FEMALE
4117,65,FEMALE
4118,59,FEMALE
4119,64,MALE
4120,66,MALE
4121,68,FEMALE
4122,68,MALE
4123,69,FEMALE
4124,66,FEMALE
4125,63,MALE
4126,67,MALE
4127,66,FEMALE
4128,67,FEMALE
4129,61,MALE
4130,52,MALE
4131,63,FEMALE
4132,65,MALE
4133,68,FEMALE
4134,65,FEMALE
4135,64,MALE
4136,61,MALE
4137,64,MALE
4138,65,MALE
4139,61,MALE
4140,63,FEMALE
4141,65,MALE
4142,65,MALE
4143,64,FEMALE
4144,62,MALE
4145,63,FEMALE
4146,66,FEMALE
4147,64,MALE
4148,64,FEMALE
4149,50,MALE
4150,64,FEMALE
4151,62,MALE
4153,62,FEMALE
4154,60,MALE
4155,60,MALE
4156,62,FEMALE
4157,58,MALE
4158,61,MALE
4159,58,MALE
4160,62,MALE
4162,57,MALE
4163,55,MALE
4164,61,FEMALE
4165,65,MALE
4167,56,FEMALE
4168,59,MALE
4169,60,FEMALE
4170,62,MALE
4171,57,FEMALE
4172,59,MALE
4173,60,FEMALE
4174,57,MALE
4176,50,FEMALE
4177,60,MALE
4178,61,MALE
4179,59,MALE
4180,61,MALE
4181,50,MALE
4182,55,MALE
4183,59,MALE
4184,59,MALE
4187,57,MALE
4188,61,MALE
4189,62,FEMALE
4190,62,FEMALE
4191,60,MALE
4192,55,MALE
4193,65,FEMALE
4194,53,FEMALE
4195,57,FEMALE
4197,58,FEMALE
4198,50,FEMALE
4199,53,MALE
4200,51,MALE
4202,52,MALE
4203,59,FEMALE
4204,60,FEMALE
4205,60,MALE
4206,57,FEMALE
4207,58,FEMALE
4208,50,FEMALE
4210,61,FEMALE
4211,60,MALE
4212,51,FEMALE
4213,62,MALE
4214,58,FEMALE
4215,54,FEMALE
4217,62,FEMALE
4218,60,MALE
4220,62,MALE
4221,61,MALE
4222,58,FEMALE
4223,50,MALE
4224,62,MALE
4225,62,FEMALE
4226,63,MALE
4227,61,FEMALE
4228,56,FEMALE
4229,62,FEMALE
4230,62,MALE
4231,60,FEMALE
4232,60,MALE
4233,56,MALE
4234,55,MALE
4235,61,FEMALE
4236,59,FEMALE
4238,56,MALE
4239,60,FEMALE
4240,56,MALE
4241,62,MALE
4242,63,FEMALE
4245,61,MALE
4246,51,FEMALE
4247,57,FEMALE
4248,60,MALE
4249,58,MALE
4250,61,MALE
4251,54,MALE
4252,60,MALE
4253,50,MALE
4254,57,MALE
4255,57,MALE
4256,56,FEMALE
4258,60,MALE
4260,60,MALE
4262,60,MALE
4263,59,MALE
4264,51,MALE
4265,50,FEMALE
4268,60,FEMALE
4269,50,MALE
4271,59,MALE
4273,60,FEMALE
4274,60,MALE
4275,59,MALE
4276,52,MALE
4277,59,FEMALE
4278,56,MALE
4282,55,MALE
4283,52,MALE
4284,58,MALE
4285,61,MALE
4286,60,FEMALE
4287,60,FEMALE
4288,60,FEMALE
4291,61,MALE
4292,59,FEMALE
4293,59,MALE
4294,59,MALE
4295,58,MALE
4297,61,MALE
4300,56,MALE
4302,58,MALE
4303,59,FEMALE
4306,56,MALE
4307,56,FEMALE
4308,63,MALE
4309,57,FEMALE
4310,59,MALE
4311,57,MALE
4312,59,MALE
4313,57,FEMALE
4316,56,MALE
4317,50,FEMALE
4319,59,MALE
4320,59,MALE
4321,54,FEMALE
4322,59,FEMALE
4324,58,MALE
4325,58,FEMALE
4326,54,MALE
4327,53,MALE
4329,56,MALE
4331,56,FEMALE
4332,58,MALE
4335,60,MALE
4338,54,MALE
4339,53,FEMALE
4341,58,FEMALE
4343,53,FEMALE
4344,57,MALE
4345,54,MALE
4346,57,MALE
4351,58,FEMALE
4352,56,MALE
4356,55,FEMALE
4358,50,MALE
4359,53,MALE
4360,51,FEMALE
4361,53,MALE
4362,51,MALE
4364,58,MALE
4365,53,MALE
4367,57,MALE
4368,55,MALE
4370,60,FEMALE
4371,57,FEMALE
4374,52,FEMALE
4376,57,MALE
4377,55,MALE
4378,55,FEMALE
4379,54,MALE
4386,54,FEMALE
4387,56,MALE
4388,56,FEMALE
4389,55,MALE
4390,52,MALE
4393,55,FEMALE
4395,55,MALE
4399,50,MALE
4402,55,MALE
4403,66,MALE
4404,56,MALE
4408,50,FEMALE
4409,53,MALE
4412,54,FEMALE
4414,54,MALE
4416,56,FEMALE
4425,54,MALE
4427,54,FEMALE
4429,56,MALE
4430,50,MALE
4437,54,FEMALE
4438,54,MALE
4440,51,MALE
4446,55,FEMALE
4452,54,FEMALE
4453,50,MALE
4456,51,MALE
4457,52,MALE
4461,50,FEMALE
4463,52,MALE
4467,53,FEMALE
4468,53,MALE
4469,52,MALE
4470,53,FEMALE
4471,51,FEMALE
4472,51,MALE
4476,52,FEMALE
4480,52,FEMALE
4485,51,MALE
4489,52,MALE
4493,53,FEMALE
4503,50,MALE
4506,52,MALE
4509,51,MALE
4519,52,MALE
4523,50,MALE
4528,50,FEMALE
4532,50,FEMALE
4535,51,FEMALE
4537,51,FEMALE
4546,51,MALE
4547,50,FEMALE
4549,53,FEMALE
4553,60,MALE
4570,50,MALE
4608,58,MALE
4672,53,MALE
4782,56,MALE
4837,54,FEMALE
4867,57,FEMALE
4893,53,FEMALE
4896,53,FEMALE
4922,63,FEMALE
4923,54,FEMALE
4933,61,MALE
4935,52,FEMALE
4937,50,FEMALE
4939,61,MALE
4940,53,FEMALE
4941,56,FEMALE
4946,56,MALE
4947,79,MALE
4948,77,FEMALE
4949,76,FEMALE
4950,71,MALE
4951,61,FEMALE
4952,74,FEMALE
4953,73,FEMALE
4954,72,MALE
4955,72,FEMALE
4956,62,MALE
4957,71,FEMALE
4958,72,MALE
4959,67,MALE
4960,69,MALE
4961,72,FEMALE
4962,61,FEMALE
4963,62,MALE
4964,58,MALE
4965,65,FEMALE
4966,57,MALE
4967,64,MALE
4968,70,FEMALE
4969,55,MALE
4970,69,FEMALE
4971,63,MALE
4972,69,MALE
4973,67,FEMALE
4974,67,FEMALE
4975,66,MALE
4976,67,MALE
4977,67,FEMALE
4978,68,MALE
4979,59,MALE
4980,67,MALE
4981,68,FEMALE
4982,64,FEMALE
4983,68,MALE
4984,67,MALE
4985,67,MALE
4986,63,FEMALE
4987,68,FEMALE
4988,60,MALE
4989,64,MALE
4990,66,MALE
4991,63,FEMALE
4992,68,FEMALE
4993,60,FEMALE
4994,57,MALE
4995,59,MALE
4996,65,MALE
4997,65,FEMALE
4998,62,MALE
4999,67,FEMALE
5000,55,FEMALE
5001,67,MALE
5002,51,FEMALE
5003,74,FEMALE
5004,61,MALE
5005,67,MALE
5006,65,FEMALE
5007,51,FEMALE
5008,63,MALE
5009,62,FEMALE
5010,62,MALE
5011,64,FEMALE
5012,64,MALE
5013,64,FEMALE
5014,64,FEMALE
5015,68,MALE
5016,63,FEMALE
5017,64,FEMALE
5018,64,MALE
5019,64,FEMALE
5020,62,FEMALE
5021,58,MALE
5022,54,MALE
5023,64,FEMALE
5024,63,FEMALE
5025,58,MALE
5026,65,MALE
5027,63,FEMALE
5028,60,FEMALE
5029,57,FEMALE
5030,63,MALE
5031,62,MALE
5032,62,MALE
5033,61,MALE
5034,59,FEMALE
5037,63,FEMALE
5038,53,FEMALE
5039,53,MALE
5040,61,FEMALE
5041,62,FEMALE
5042,64,FEMALE
5043,56,MALE
5044,60,FEMALE
5045,62,MALE
5046,63,MALE
5047,52,MALE
5049,63,FEMALE
5050,62,MALE
5051,59,FEMALE
5052,60,MALE
5053,50,MALE
5054,57,MALE
5055,59,MALE
5056,57,FEMALE
5057,50,MALE
5059,56,FEMALE
5060,55,MALE
5061,57,FEMALE
5062,57,FEMALE
5064,54,MALE
5065,56,MALE
5066,56,MALE
5067,50,MALE
5068,55,MALE
5069,56,MALE
5070,60,FEMALE
5071,52,MALE
5072,54,FEMALE
5073,56,MALE
5074,54,FEMALE
5075,59,MALE
5076,57,MALE
5077,52,FEMALE
5078,60,MALE
5079,62,MALE
5080,55,MALE
5081,59,MALE
5082,58,MALE
5083,60,MALE
5084,60,MALE
5085,51,MALE
5086,58,FEMALE
5087,61,MALE
5088,60,FEMALE
5089,54,MALE
5090,56,MALE
5091,58,FEMALE
5092,59,MALE
5093,61,FEMALE
5094,60,MALE
5095,50,MALE
5096,59,FEMALE
5097,54,MALE
5098,51,MALE
5099,56,FEMALE
5100,56,FEMALE
5101,55,MALE
5102,53,MALE
5103,60,MALE
5106,53,MALE
5107,60,MALE
5108,59,MALE
5109,58,MALE
5110,53,MALE
5111,57,MALE
5112,61,MALE
5113,60,MALE
5114,55,MALE
5115,58,MALE
5116,60,MALE
5117,60,FEMALE
5118,61,FEMALE
5119,62,MALE
5120,61,MALE
5121,60,MALE
5122,60,FEMALE
5124,55,MALE
5125,52,MALE
5126,60,FEMALE
5127,61,FEMALE
5128,60,MALE
5131,56,MALE
5132,59,FEMALE
5133,60,MALE
5134,60,FEMALE
5135,60,MALE
5137,62,FEMALE
5139,60,MALE
5140,59,FEMALE
5141,60,MALE
5142,52,FEMALE
5143,61,MALE
5144,56,FEMALE
5145,59,MALE
5147,50,FEMALE
5148,61,FEMALE
5149,57,FEMALE
5150,61,FEMALE
5151,56,FEMALE
5152,58,MALE
5153,60,FEMALE
5154,60,FEMALE
5155,57,MALE
5156,59,MALE
5157,60,FEMALE
5158,59,MALE
5162,62,MALE
5163,51,MALE
5164,58,MALE
5165,50,MALE
5168,61,MALE
5171,59,MALE
5173,54,MALE
5177,54,FEMALE
5178,57,MALE
5179,56,MALE
5180,50,FEMALE
5181,55,MALE
5184,58,FEMALE
5185,58,MALE
5186,59,MALE
5189,59,MALE
5190,60,FEMALE
5191,54,FEMALE
5192,55,FEMALE
5193,52,MALE
5195,55,FEMALE
5200,56,FEMALE
5201,59,MALE
5202,59,MALE
5203,56,FEMALE
5205,54,MALE
5207,55,FEMALE
5208,59,FEMALE
5209,57,MALE
5212,58,MALE
5213,53,FEMALE
5215,51,MALE
5218,59,MALE
5219,58,MALE
5220,57,FEMALE
5221,56,FEMALE
5223,58,MALE
5225,57,FEMALE
5226,56,MALE
5228,53,MALE
5229,58,MALE
5231,55,FEMALE
5233,56,MALE
5235,58,MALE
5237,59,FEMALE
5240,61,MALE
5241,57,MALE
5245,57,MALE
5246,58,FEMALE
5247,57,FEMALE
5249,56,FEMALE
5250,56,FEMALE
5251,53,MALE
5252,57,MALE
5254,50,FEMALE
5255,54,FEMALE
5258,57,FEMALE
5259,56,MALE
5261,54,FEMALE
5263,54,MALE
5264,54,MALE
5265,55,MALE
5266,55,FEMALE
5268,55,MALE
5269,55,MALE
5270,57,MALE
5271,52,MALE
5272,56,MALE
5273,66,MALE
5274,56,MALE
5275,53,MALE
5278,55,FEMALE
5280,55,FEMALE
5281,53,MALE
5282,64,MALE
5283,53,MALE
5284,55,MALE
5285,54,MALE
5286,53,MALE
5287,55,FEMALE
5288,55,MALE
5289,54,MALE
5290,51,FEMALE
5291,52,FEMALE
5292,51,MALE
5297,51,FEMALE
5299,53,MALE
5300,54,MALE
5301,54,MALE
5309,55,MALE
5312,53,MALE
5314,52,FEMALE
5317,51,MALE
5321,53,MALE
5323,54,FEMALE
5325,56,FEMALE
5327,53,MALE
5328,55,MALE
5336,53,FEMALE
5339,51,FEMALE
5340,51,FEMALE
5342,51,MALE
5345,59,MALE
5346,53,FEMALE
5348,52,FEMALE
5351,53,MALE
5353,52,FEMALE
5355,50,MALE
5356,51,MALE
5357,55,MALE
5358,50,MALE
5359,60,MALE
5365,55,MALE
5367,50,MALE
5379,52,MALE
5388,51,MALE
5393,51,FEMALE
5397,52,FEMALE
5399,51,FEMALE
5413,51,MALE
5416,51,FEMALE
5444,52,FEMALE
5559,50,MALE
5571,56,FEMALE
5577,58,FEMALE
5631,51,FEMALE
5662,51,MALE
5693,51,MALE
5725,55,FEMALE
5734,53,MALE
5740,51,MALE
5825,62,MALE
5832,52,MALE
5834,54,MALE
5838,85,MALE
5839,51,MALE
5840,53,FEMALE
5841,78,MALE
5842,74,MALE
5843,77,MALE
5844,76,MALE
5845,78,MALE
5846,75,FEMALE
5847,71,MALE
5848,67,FEMALE
5849,70,MALE
5850,69,MALE
5851,59,MALE
5852,63,MALE
5853,71,FEMALE
5854,72,FEMALE
5855,70,MALE
5856,71,MALE
5857,67,FEMALE
5858,68,MALE
5859,70,MALE
5860,68,MALE
5861,68,MALE
5862,71,FEMALE
5863,71,MALE
5864,62,MALE
5865,71,FEMALE
5866,70,FEMALE
5867,72,MALE
5868,56,FEMALE
5869,66,MALE
5870,57,MALE
5871,67,MALE
5872,53,MALE
5873,58,MALE
5874,67,FEMALE
5875,56,MALE
5876,65,MALE
5877,64,MALE
5878,65,FEMALE
5879,66,MALE
5880,63,MALE
5881,62,MALE
5882,65,MALE
5883,66,FEMALE
5884,65,MALE
5885,61,FEMALE
5886,61,FEMALE
5887,50,FEMALE
5888,53,MALE
5889,66,FEMALE
5890,65,FEMALE
5891,65,FEMALE
5892,66,FEMALE
5893,63,MALE
5894,64,MALE
5895,50,MALE
5896,64,MALE
5897,62,FEMALE
5898,63,MALE
5900,63,FEMALE
5901,61,FEMALE
5902,64,MALE
5903,52,MALE
5904,62,MALE
5905,60,FEMALE
5906,63,FEMALE
5907,59,FEMALE
5908,64,MALE
5909,62,FEMALE
5910,63,MALE
5912,63,MALE
5913,62,MALE
5914,62,MALE
5915,62,MALE
5916,62,MALE
5917,61,MALE
5918,61,MALE
5919,52,FEMALE
5920,55,FEMALE
5921,62,MALE
5922,63,MALE
5923,63,MALE
5924,60,FEMALE
5925,61,MALE
5926,56,MALE
5927,61,MALE
5928,61,FEMALE
5929,63,MALE
5930,61,MALE
5931,56,MALE
5932,64,FEMALE
5933,55,MALE
5934,62,MALE
5935,63,MALE
5936,62,FEMALE
5937,61,MALE
5938,60,MALE
5940,57,MALE
5941,57,MALE
5942,54,FEMALE
5943,54,MALE
5944,60,MALE
5945,57,MALE
5946,52,FEMALE
5947,55,MALE
5948,60,MALE
5949,51,MALE
5950,57,MALE
5951,59,MALE
5952,55,MALE
5953,56,MALE
5955,56,MALE
5956,57,MALE
5958,51,MALE
5959,55,MALE
5960,59,FEMALE
5961,57,MALE
5963,55,MALE
5964,55,MALE
5965,55,MALE
5966,59,FEMALE
5967,52,FEMALE
5968,56,FEMALE
5969,57,FEMALE
5970,54,MALE
5971,59,MALE
5972,59,MALE
5973,60,MALE
5974,54,MALE
5975,53,MALE
5976,55,MALE
5978,58,MALE
5979,59,MALE
5980,56,MALE
5981,56,FEMALE
5982,55,MALE
5984,59,FEMALE
5985,51,FEMALE
5986,56,FEMALE
5987,61,FEMALE
5988,60,FEMALE
5989,56,MALE
5990,62,MALE
5991,53,MALE
5992,56,FEMALE
5993,50,MALE
5994,51,FEMALE
5995,52,MALE
5997,54,MALE
5998,50,MALE
6000,60,FEMALE
6001,58,FEMALE
6002,53,FEMALE
6003,54,FEMALE
6004,54,FEMALE
6006,61,FEMALE
6007,61,FEMALE
6008,61,MALE
6009,59,FEMALE
6010,62,FEMALE
6011,60,MALE
6012,59,MALE
6013,52,MALE
6014,61,FEMALE
6016,50,MALE
6017,57,MALE
6019,54,FEMALE
6020,59,MALE
6021,61,MALE
6022,61,FEMALE
6023,61,MALE
6024,60,MALE
6025,60,MALE
6026,60,MALE
6027,58,FEMALE
6028,61,FEMALE
6029,58,MALE
6030,58,FEMALE
6031,59,MALE
6032,54,FEMALE
6033,58,FEMALE
6035,58,MALE
6037,53,FEMALE
6039,61,FEMALE
6040,56,FEMALE
6042,62,MALE
6044,60,FEMALE
6045,60,MALE
6046,59,MALE
6047,61,MALE
6048,56,FEMALE
6049,56,FEMALE
6050,58,MALE
6051,59,FEMALE
6052,56,MALE
6053,59,FEMALE
6055,59,MALE
6056,59,FEMALE
6057,60,MALE
6059,59,MALE
6060,58,FEMALE
6062,60,MALE
6063,59,MALE
6064,51,MALE
6065,63,MALE
6066,60,FEMALE
6067,58,FEMALE
6068,52,MALE
6069,55,MALE
6070,59,MALE
6071,59,MALE
6075,53,FEMALE
6076,55,MALE
6078,59,FEMALE
6079,60,FEMALE
6080,57,MALE
6081,51,FEMALE
6082,57,MALE
6083,59,MALE
6084,54,FEMALE
6085,51,MALE
6087,69,FEMALE
6088,53,MALE
6089,51,MALE
6090,58,MALE
6091,59,FEMALE
6092,52,FEMALE
6093,59,MALE
6094,50,MALE
6096,58,FEMALE
6097,56,MALE
6098,57,FEMALE
6100,50,MALE
6101,56,MALE
6102,54,FEMALE
6104,58,MALE
6106,58,FEMALE
6107,52,MALE
6108,56,FEMALE
6109,59,MALE
6112,55,MALE
6114,56,FEMALE
6116,59,MALE
6117,58,FEMALE
6118,53,FEMALE
6119,68,MALE
6120,57,MALE
6121,57,MALE
6123,52,MALE
6124,58,MALE
6125,55,FEMALE
6126,51,FEMALE
6128,55,MALE
6130,57,MALE
6131,58,MALE
6132,58,FEMALE
6133,56,FEMALE
6134,55,MALE
6135,59,FEMALE
6136,57,MALE
6137,57,MALE
6138,57,FEMALE
6139,57,MALE
6140,57,FEMALE
6141,52,MALE
6144,55,MALE
6145,52,MALE
6149,57,MALE
6150,57,FEMALE
6151,57,FEMALE
6152,57,MALE
6153,56,MALE
6154,56,MALE
6155,55,MALE
6158,56,FEMALE
6159,57,MALE
6160,57,MALE
6163,52,MALE
6164,54,MALE
6166,57,FEMALE
6168,50,FEMALE
6169,55,MALE
6170,55,MALE
6171,50,FEMALE
6172,55,FEMALE
6174,54,FEMALE
6176,55,MALE
6179,54,FEMALE
6180,50,FEMALE
6182,56,FEMALE
6184,54,MALE
6187,51,FEMALE
6189,54,MALE
6190,55,MALE
6191,56,FEMALE
6192,54,MALE
6195,53,FEMALE
6199,54,MALE
6200,54,MALE
6202,53,MALE
6207,55,MALE
6208,51,MALE
6209,67,FEMALE
6211,60,MALE
6212,52,MALE
6215,54,FEMALE
6222,54,MALE
6223,52,MALE
6225,55,FEMALE
6226,53,MALE
6229,52,MALE
6230,50,MALE
6231,53,FEMALE
6235,50,MALE
6239,51,FEMALE
6242,51,FEMALE
6248,54,FEMALE
6252,50,MALE
6269,50,MALE
6285,50,MALE
6286,51,FEMALE
6301,51,MALE
6330,53,FEMALE
6344,51,FEMALE
6396,58,MALE
6487,60,FEMALE
6499,65,MALE
6581,50,FEMALE
6582,55,FEMALE
6642,57,FEMALE
6708,65,MALE
6751,78,FEMALE
6752,74,FEMALE
6753,66,MALE
6754,61,MALE
6755,59,FEMALE
6756,70,FEMALE
6757,71,MALE
6758,69,FEMALE
6759,72,FEMALE
6760,67,FEMALE
6761,71,MALE
6762,69,FEMALE
6763,63,MALE
6764,70,FEMALE
6765,70,FEMALE
6766,69,FEMALE
6767,65,FEMALE
6768,65,MALE
6769,69,MALE
6770,67,FEMALE
6771,66,MALE
6772,67,FEMALE
6773,68,MALE
6774,60,MALE
6775,68,FEMALE
6776,70,MALE
6777,52,FEMALE
6778,67,MALE
6779,60,MALE
6780,65,MALE
6781,66,MALE
6782,68,MALE
6783,66,FEMALE
6784,66,MALE
6785,56,MALE
6786,59,FEMALE
6787,63,MALE
6788,51,MALE
6789,66,MALE
6790,63,MALE
6791,58,FEMALE
6792,65,FEMALE
6793,64,FEMALE
6794,67,FEMALE
6795,62,FEMALE
6796,61,MALE
6797,60,MALE
6798,55,FEMALE
6799,63,MALE
6800,65,MALE
6801,72,FEMALE
6802,65,MALE
6803,57,FEMALE
6804,62,FEMALE
6805,63,MALE
6806,63,FEMALE
6807,62,MALE
6808,64,MALE
6809,61,FEMALE
6810,64,MALE
6811,62,FEMALE
6812,63,MALE
6813,62,MALE
6814,57,FEMALE
6815,61,MALE
6816,63,FEMALE
6817,61,MALE
6818,55,MALE
6819,63,MALE
6820,66,FEMALE
6821,50,MALE
6822,63,FEMALE
6823,53,FEMALE
6824,56,MALE
6825,58,MALE
6826,62,MALE
6827,54,MALE
6828,63,FEMALE
6829,62,MALE
6830,63,FEMALE
6831,60,MALE
6832,61,MALE
6833,62,MALE
6835,51,MALE
6836,63,FEMALE
6837,62,MALE
6838,51,FEMALE
6839,60,MALE
6840,61,FEMALE
6841,58,FEMALE
6842,62,MALE
6843,62,MALE
6844,56,MALE
6847,53,FEMALE
6848,50,MALE
6849,59,MALE
6850,61,FEMALE
6853,52,FEMALE
6855,55,FEMALE
6856,52,FEMALE
6858,57,MALE
6859,60,MALE
6862,55,FEMALE
6863,55,MALE
6864,58,MALE
6865,52,FEMALE
6866,58,MALE
6867,54,MALE
6868,52,MALE
6869,57,MALE
6873,61,MALE
6874,58,FEMALE
6875,60,MALE
6876,62,MALE
6877,57,MALE
6878,56,MALE
6879,50,MALE
6880,53,FEMALE
6881,55,FEMALE
6882,50,FEMALE
6883,54,MALE
6884,53,FEMALE
6885,51,FEMALE
6886,55,MALE
6889,52,FEMALE
6890,62,FEMALE
6891,57,MALE
6892,61,MALE
6893,54,MALE
6894,57,FEMALE
6895,58,FEMALE
6896,57,MALE
6897,53,FEMALE
6899,61,MALE
6901,57,MALE
6903,51,FEMALE
6904,56,FEMALE
6906,62,FEMALE
6907,52,MALE
6908,54,FEMALE
6909,61,FEMALE
6910,50,FEMALE
6911,56,FEMALE
6912,60,FEMALE
6914,62,MALE
6915,57,MALE
6917,55,MALE
6918,61,MALE
6919,59,MALE
6920,61,FEMALE
6922,60,FEMALE
6923,61,MALE
6924,50,MALE
6925,58,MALE
6926,59,MALE
6927,59,FEMALE
6929,60,MALE
6930,62,MALE
6931,60,MALE
6932,58,FEMALE
6933,60,MALE
6934,61,FEMALE
6935,59,MALE
6936,60,MALE
6938,59,MALE
6939,54,MALE
6940,60,FEMALE
6941,58,MALE
6943,58,FEMALE
6944,59,MALE
6945,57,FEMALE
6946,60,FEMALE
6947,59,MALE
6948,58,MALE
6949,59,MALE
6950,54,FEMALE
6951,60,MALE
6952,60,MALE
6953,61,MALE
6955,54,FEMALE
6956,59,MALE
6957,60,MALE
6958,56,MALE
6959,58,FEMALE
6960,51,FEMALE
6961,55,MALE
6962,54,FEMALE
6963,58,FEMALE
6965,60,MALE
6966,58,FEMALE
6967,59,MALE
6968,58,FEMALE
6969,51,FEMALE
6970,57,MALE
6972,52,MALE
6975,57,MALE
6977,66,FEMALE
6978,60,MALE
6979,57,MALE
6980,58,MALE
6981,57,MALE
6982,58,FEMALE
6983,58,FEMALE
6984,54,FEMALE
6985,59,FEMALE
6986,60,MALE
6987,57,FEMALE
6988,57,FEMALE
6989,56,MALE
6990,57,MALE
6992,57,MALE
6995,56,MALE
6996,58,MALE
6998,58,FEMALE
6999,57,MALE
7001,51,MALE
7002,59,MALE
7005,57,FEMALE
7006,59,FEMALE
7009,57,FEMALE
7011,58,MALE
7013,59,MALE
7015,55,FEMALE
7016,57,MALE
7017,56,MALE
7018,59,MALE
7019,58,MALE
7021,58,MALE
7022,58,FEMALE
7026,59,FEMALE
7027,58,FEMALE
7028,60,FEMALE
7029,50,MALE
7030,54,FEMALE
7031,51,MALE
7033,53,FEMALE
7034,57,MALE
7035,54,MALE
7037,58,FEMALE
7038,56,FEMALE
7039,55,MALE
7041,56,MALE
7043,52,FEMALE
7044,56,MALE
7046,58,MALE
7048,55,MALE
7049,57,MALE
7050,53,FEMALE
7051,56,FEMALE
7053,57,MALE
7054,53,MALE
7055,56,FEMALE
7057,51,MALE
7061,51,MALE
7063,63,MALE
7064,51,MALE
7066,54,FEMALE
7067,53,FEMALE
7068,54,FEMALE
7072,54,FEMALE
7073,50,FEMALE
7075,55,MALE
7076,55,MALE
7079,52,MALE
7080,50,MALE
7081,52,MALE
7082,54,MALE
7084,56,MALE
7087,53,MALE
7089,57,FEMALE
7092,52,MALE
7093,53,MALE
7094,54,FEMALE
7095,51,MALE
7100,56,FEMALE
7103,53,MALE
7104,54,MALE
7105,52,FEMALE
7107,53,MALE
7111,54,MALE
7112,53,MALE
7113,51,MALE
7115,50,MALE
7116,53,MALE
7119,54,MALE
7120,53,MALE
7122,53,FEMALE
7124,52,MALE
7125,54,FEMALE
7131,50,FEMALE
7133,53,FEMALE
7134,53,FEMALE
7135,51,FEMALE
7137,50,MALE
7138,53,MALE
7142,53,MALE
7146,52,FEMALE
7148,53,MALE
7153,53,MALE
7155,51,FEMALE
7157,51,MALE
7165,53,FEMALE
7172,51,FEMALE
7180,51,MALE
7183,50,MALE
7202,51,MALE
7208,50,MALE
7224,51,MALE
7231,51,FEMALE
7241,50,MALE
7246,51,FEMALE
7248,50,FEMALE
7257,50,FEMALE
7260,50,MALE
7315,58,MALE
7354,51,MALE
7375,60,MALE
7471,59,MALE
7650,52,FEMALE
7651,55,FEMALE
7652,54,FEMALE
7656,51,FEMALE
7658,55,MALE
7661,76,MALE
7662,74,FEMALE
7663,73,MALE
7664,65,MALE
7665,75,MALE
7666,60,FEMALE
7667,69,FEMALE
7668,67,MALE
7669,62,FEMALE
7670,73,MALE
7671,69,FEMALE
7672,71,MALE
7673,67,MALE
7674,71,FEMALE
7675,72,FEMALE
7676,69,FEMALE
7677,70,FEMALE
7678,70,MALE
7679,70,FEMALE
7680,69,FEMALE
7681,68,MALE
7682,68,FEMALE
7683,68,FEMALE
7684,69,FEMALE
7685,70,FEMALE
7686,53,FEMALE
7687,66,MALE
7688,70,FEMALE
7689,66,MALE
7690,68,MALE
7691,68,MALE
7692,65,MALE
7693,68,FEMALE
7694,66,FEMALE
7695,64,FEMALE
7696,66,MALE
7697,64,FEMALE
7698,66,FEMALE
7699,64,MALE
7700,64,MALE
7701,66,FEMALE
7702,52,MALE
7703,63,MALE
7704,67,FEMALE
7705,66,FEMALE
7706,64,MALE
7707,63,MALE
7708,66,FEMALE
7709,63,FEMALE
7710,64,FEMALE
7711,60,MALE
7712,63,FEMALE
7713,59,FEMALE
7714,62,MALE
7715,61,MALE
7716,64,MALE
7717,62,MALE
7718,61,FEMALE
7719,63,MALE
7720,62,MALE
7721,62,MALE
7722,63,MALE
7723,61,MALE
7724,63,MALE
7725,62,FEMALE
7726,62,FEMALE
7727,60,MALE
7728,62,MALE
7729,55,FEMALE
7730,58,FEMALE
7731,61,MALE
7732,60,FEMALE
7733,59,FEMALE
7734,53,FEMALE
7735,62,MALE
7736,63,MALE
7737,63,FEMALE
7738,61,FEMALE
7739,63,MALE
7740,61,MALE
7741,60,FEMALE
7742,62,FEMALE
7743,58,MALE
7744,62,MALE
7745,63,MALE
7746,62,MALE
7747,50,MALE
7749,60,MALE
7750,57,MALE
7752,64,FEMALE
7753,55,FEMALE
7754,63,MALE
7755,62,MALE
7758,56,FEMALE
7760,55,MALE
7765,55,FEMALE
7766,52,MALE
7768,55,FEMALE
7770,54,MALE
7777,52,FEMALE
7780,55,FEMALE
7781,57,MALE
7782,57,FEMALE
7784,52,FEMALE
7786,56,MALE
7788,50,MALE
7789,56,MALE
7790,56,FEMALE
7792,55,MALE
7794,58,MALE
7795,50,MALE
7796,54,MALE
7797,53,MALE
7798,56,MALE
7799,58,MALE
7804,52,FEMALE
7805,56,MALE
7806,57,FEMALE
7807,59,FEMALE
7808,61,FEMALE
7809,56,FEMALE
7810,61,MALE
7811,59,FEMALE
7812,58,MALE
7813,60,MALE
7815,52,MALE
7816,55,MALE
7817,52,MALE
7818,50,MALE
7819,62,FEMALE
7821,61,FEMALE
7823,56,FEMALE
7824,55,MALE
7825,51,MALE
7826,50,MALE
7827,59,MALE
7829,51,FEMALE
7830,59,FEMALE
7831,59,MALE
7832,52,FEMALE
7833,60,FEMALE
7834,60,FEMALE
7835,50,MALE
7836,62,FEMALE
7837,60,FEMALE
7840,56,MALE
7842,52,MALE
7843,58,FEMALE
7844,59,MALE
7845,52,MALE
7846,54,MALE
7847,58,MALE
7848,60,MALE
7850,52,FEMALE
7851,64,FEMALE
7852,62,FEMALE
7853,58,MALE
7854,60,FEMALE
7855,50,FEMALE
7858,60,FEMALE
7859,51,MALE
7860,56,FEMALE
7861,59,FEMALE
7862,53,MALE
7863,54,MALE
7864,59,FEMALE
7865,60,MALE
7866,54,FEMALE
7867,59,FEMALE
7870,55,FEMALE
7871,55,FEMALE
7872,57,FEMALE
7873,53,FEMALE
7874,58,FEMALE
7875,59,FEMALE
7878,60,MALE
7879,52,MALE
7881,56,FEMALE
7882,53,MALE
7883,58,FEMALE
7886,51,MALE
7887,58,MALE
7888,58,FEMALE
7889,59,FEMALE
7890,54,FEMALE
7891,59,MALE
7892,60,MALE
7893,60,MALE
7894,59,FEMALE
7895,55,MALE
7896,57,MALE
7897,56,FEMALE
7898,58,MALE
7901,55,MALE
7902,59,MALE
7903,57,MALE
7905,59,MALE
7906,57,MALE
7907,57,MALE
7909,59,MALE
7910,59,FEMALE
7911,60,FEMALE
7912,52,FEMALE
7913,54,FEMALE
7914,60,FEMALE
7921,56,MALE
7923,56,FEMALE
7925,59,MALE
7928,55,FEMALE
7929,64,MALE
7930,58,MALE
7931,57,MALE
7932,55,MALE
7933,57,FEMALE
7934,58,MALE
7935,58,MALE
7936,50,MALE
7937,57,MALE
7938,54,FEMALE
7939,57,MALE
7941,57,MALE
7942,56,FEMALE
7943,60,MALE
7944,56,MALE
7945,53,MALE
7949,58,FEMALE
7950,59,MALE
7951,58,MALE
7952,51,MALE
7954,53,MALE
7955,59,MALE
7957,60,FEMALE
7958,56,MALE
7959,52,MALE
7960,57,FEMALE
7961,51,FEMALE
7965,51,MALE
7967,56,MALE
7969,56,FEMALE
7970,56,MALE
7972,56,FEMALE
7973,57,MALE
7974,55,MALE
7976,56,MALE
7978,56,MALE
7979,53,MALE
7980,50,MALE
7981,56,MALE
7982,58,MALE
7983,56,FEMALE
7986,55,MALE
7987,55,MALE
7988,57,FEMALE
7991,56,FEMALE
7994,51,MALE
7995,57,FEMALE
7996,55,MALE
7997,57,FEMALE
7998,55,MALE
7999,56,MALE
8000,56,MALE
8001,57,MALE
8002,53,MALE
8003,56,FEMALE
8004,57,FEMALE
8005,54,MALE
8006,55,MALE
8008,50,MALE
8011,55,FEMALE
8013,52,MALE
8014,50,MALE
8021,52,MALE
8025,53,MALE
8027,50,MALE
8029,54,FEMALE
8031,55,MALE
8032,54,MALE
8033,52,FEMALE
8034,55,MALE
8039,54,MALE
8040,53,FEMALE
8041,52,MALE
8042,56,MALE
8044,54,FEMALE
8050,53,MALE
8053,50,MALE
8056,55,MALE
8057,52,MALE
8058,54,FEMALE
8062,54,MALE
8063,51,MALE
8064,54,MALE
8066,50,MALE
8067,57,MALE
8068,52,MALE
8070,54,MALE
8078,50,MALE
8081,53,MALE
8088,56,MALE
8093,53,MALE
8095,52,MALE
8100,52,MALE
8110,52,MALE
8113,50,FEMALE
8118,53,MALE
8126,50,MALE
8132,62,MALE
8134,51,MALE
8153,50,MALE
8154,51,MALE
8175,52,MALE
8194,50,MALE
8213,53,FEMALE
8274,59,MALE
8275,70,MALE
8279,62,MALE
8315,56,MALE
8334,59,MALE
8335,51,MALE
8342,61,FEMALE
8344,52,FEMALE
8346,51,FEMALE
8347,69,MALE
8349,55,FEMALE
8350,51,FEMALE
8357,74,MALE
8358,59,FEMALE
8359,57,MALE
8361,50,MALE
8367,54,MALE
8368,52,MALE
8370,50,MALE
8371,61,MALE
8375,57,FEMALE
8376,58,FEMALE
8377,50,MALE
8393,60,MALE
8395,55,MALE
8397,53,FEMALE
8398,59,FEMALE
8399,60,MALE
8400,59,MALE
8401,55,FEMALE
8402,51,FEMALE
8407,56,MALE
8408,53,FEMALE
8423,60,MALE
8426,58,FEMALE
8427,57,FEMALE
8428,54,FEMALE
8435,77,MALE
8437,61,FEMALE
8444,67,MALE
8445,66,MALE
8447,62,MALE
8451,57,MALE
8452,64,MALE
8454,56,FEMALE
8463,57,MALE
8464,63,MALE
8465,68,FEMALE
8469,54,MALE
8471,62,FEMALE
8474,58,FEMALE
8475,61,MALE
8476,59,FEMALE
8478,60,MALE
8479,50,MALE
8480,56,FEMALE
8482,51,MALE
8491,64,MALE
8492,61,MALE
8494,61,MALE
8495,52,FEMALE
8497,57,MALE
8498,53,MALE
8501,68,MALE
8503,60,MALE
8504,58,MALE
8505,57,MALE
8508,57,FEMALE
8510,56,MALE
8514,55,MALE
8516,50,MALE
8520,62,MALE
8521,65,MALE
8529,62,MALE
8530,50,MALE
8533,61,MALE
8535,57,MALE
8538,55,FEMALE
8541,52,MALE
8551,57,MALE
8555,68,MALE
8557,55,MALE
8561,58,MALE
8563,65,MALE
8564,51,MALE
8574,56,MALE
8575,65,MALE
8576,51,MALE
8580,62,FEMALE
8586,51,MALE
8591,51,MALE
8592,61,MALE
8593,55,MALE
8596,60,FEMALE
8598,55,FEMALE
8602,53,MALE
8603,59,FEMALE
8604,56,MALE
8608,69,FEMALE
8609,58,MALE
8612,55,FEMALE
8613,55,FEMALE
8615,55,MALE
8616,53,FEMALE
8618,54,MALE
8619,62,MALE
8620,58,MALE
8622,61,FEMALE
8623,56,FEMALE
8627,51,FEMALE
8629,56,MALE
8631,55,MALE
8635,52,MALE
8637,50,MALE
8638,58,FEMALE
8639,61,MALE
8640,74,MALE
8642,53,FEMALE
8643,56,FEMALE
8644,68,FEMALE
8646,60,MALE
8649,50,MALE
8651,61,MALE
8654,68,MALE
8655,50,MALE
8656,62,FEMALE
8658,54,FEMALE
8659,56,MALE
8662,54,MALE
8663,58,MALE
8668,51,MALE
8669,60,MALE
8672,61,FEMALE
8674,60,MALE
8675,58,FEMALE
8678,61,MALE
8681,67,FEMALE
8682,57,MALE
8683,51,FEMALE
8685,62,FEMALE
8686,53,MALE
8687,57,MALE
8688,59,MALE
8689,59,MALE
8690,61,FEMALE
8691,59,MALE
8692,56,FEMALE
8693,52,MALE
8694,53,FEMALE
8699,62,FEMALE
8700,50,FEMALE
8706,67,FEMALE
8707,65,FEMALE
8709,50,MALE
8715,59,MALE
8717,56,MALE
8719,51,FEMALE
8720,55,MALE
8721,58,MALE
8723,56,MALE
8727,51,FEMALE
8729,58,MALE
8732,53,FEMALE
8733,50,FEMALE
8734,51,MALE
8736,51,MALE
8737,65,FEMALE
8738,58,FEMALE
8739,59,MALE
8744,62,MALE
8745,55,FEMALE
8746,60,MALE
8747,60,MALE
8748,58,MALE
8749,63,FEMALE
8751,59,FEMALE
8752,73,MALE
8755,51,MALE
8756,71,MALE
8757,55,FEMALE
8758,60,FEMALE
8759,52,MALE
8760,52,FEMALE
8761,58,MALE
8767,52,FEMALE
8769,59,MALE
8772,51,FEMALE
8773,53,MALE
8777,50,FEMALE
8778,50,MALE
8780,52,FEMALE
8784,59,MALE
8785,61,FEMALE
8786,62,FEMALE
8788,77,FEMALE
8791,53,MALE
8792,60,MALE
8793,55,FEMALE
8794,57,MALE
8795,55,MALE
8798,61,MALE
8799,51,MALE
8800,53,FEMALE
8803,56,MALE
8804,52,MALE
8809,50,FEMALE
8810,64,MALE
8811,65,MALE
8812,56,MALE
8813,50,MALE
8814,55,MALE
8816,56,FEMALE
8817,52,FEMALE
8820,66,FEMALE
8821,63,MALE
8822,52,FEMALE
8823,61,FEMALE
8826,73,MALE
8831,65,MALE
8833,60,FEMALE
8835,52,MALE
8836,51,MALE
8837,54,MALE
8839,73,MALE
8841,51,MALE
8842,54,MALE
8843,58,MALE
8844,56,FEMALE
8845,50,FEMALE
8846,57,MALE
8847,53,FEMALE
8848,52,MALE
8849,51,MALE
8850,54,MALE
8852,68,FEMALE
8853,57,MALE
8855,56,MALE
8856,54,MALE
8857,56,MALE
8858,59,MALE
8859,58,MALE
8860,56,FEMALE
8861,58,MALE
8864,57,MALE
8866,50,MALE
8867,50,MALE
8868,61,FEMALE
8869,50,MALE
8870,52,FEMALE
8875,50,MALE
8877,64,FEMALE
8879,61,MALE
8880,57,MALE
8882,57,MALE
8883,50,MALE
8884,70,FEMALE
8885,51,MALE
8890,61,MALE
8892,59,FEMALE
8893,59,FEMALE
8895,51,MALE
8910,60,FEMALE
8913,62,FEMALE
8914,54,MALE
8918,51,MALE
8919,55,MALE
8920,56,MALE
8924,61,MALE
8925,52,MALE
8927,59,FEMALE
8928,60,MALE
8929,57,MALE
8930,70,MALE
8933,54,FEMALE
8935,65,MALE
8940,62,FEMALE
8944,65,MALE
8946,58,FEMALE
8947,53,MALE
8952,53,FEMALE
8958,50,MALE
8959,52,MALE
8960,52,MALE
8963,56,MALE
8966,55,FEMALE
8972,57,MALE
8973,61,MALE
8982,51,FEMALE
8986,52,MALE
8997,58,FEMALE
8998,55,MALE
8999,50,FEMALE
9031,51,FEMALE
9043,51,MALE
9045,51,FEMALE
9047,60,MALE
9050,57,MALE
9052,58,MALE
9053,60,MALE
9054,58,MALE
9060,59,MALE
9071,53,MALE
9072,55,MALE
9077,61,MALE
9078,50,MALE
9081,50,MALE
9082,61,MALE
9084,51,MALE
9089,62,MALE
9090,54,MALE
9092,51,MALE
9094,54,FEMALE
9098,53,MALE
9111,61,MALE
9115,57,MALE
9119,52,FEMALE
9120,60,MALE
9121,56,MALE
9124,57,MALE
9131,56,MALE
9145,58,MALE
9148,53,MALE
9149,50,MALE
9150,53,MALE
9152,59,MALE
9153,56,FEMALE
9160,66,FEMALE
9163,61,MALE
9164,59,MALE
9165,57,MALE
9168,55,MALE
9170,50,FEMALE
9177,55,MALE
9181,59,MALE
9182,53,MALE
9190,54,MALE
9194,61,MALE
9195,54,MALE
9196,55,MALE
9204,50,MALE
9206,57,MALE
9207,58,MALE
9215,70,MALE
9216,63,MALE
9225,59,MALE
9233,60,FEMALE
9234,56,MALE
9237,57,MALE
9238,58,MALE
9239,57,MALE
9257,55,MALE
9262,56,MALE
9267,64,MALE
9269,57,MALE
9273,54,MALE
9274,72,MALE
9285,59,MALE
9300,70,MALE
9301,55,MALE
9318,65,FEMALE
9320,58,MALE
9328,52,MALE
9333,52,MALE
9334,55,FEMALE
9348,56,FEMALE
9350,51,FEMALE
9364,68,MALE
9365,51,FEMALE
9379,55,MALE
9382,59,FEMALE
9385,60,MALE
9395,52,MALE
9399,51,MALE
9400,68,MALE
9412,58,FEMALE
9422,50,MALE
9423,66,MALE
9426,56,MALE
9430,54,FEMALE
9432,64,FEMALE
9436,61,MALE
9438,63,MALE
9445,54,FEMALE
9450,53,MALE
9461,67,MALE
9465,61,FEMALE
9467,57,MALE
9468,57,FEMALE
9475,61,FEMALE
9482,66,MALE
9488,57,FEMALE
9491,57,FEMALE
9494,61,MALE
9515,52,MALE
9528,64,FEMALE
9533,59,MALE
9539,57,MALE
